Nom|Note|Adresse|CP|Url|Coords
Inka Restaurant Péruvien|3|13 Bd du Temple, 75003 Paris, France|75003|https://www.google.com/maps/place//data=!4m2!3m1!1s0x0:0xb9f86354a597c9e|[48.8639492, 2.3659536]
Enni Udon|5|6 Rue de la Renaissance, 75008 Paris, France|75008|https://www.google.com/maps/place//data=!4m2!3m1!1s0x0:0xeb7eb1adbaff5c2b|[48.8674283, 2.3027771]
Dong Né|5|15 Rue Violet, 75015 Paris, France|75015|https://www.google.com/maps/place//data=!4m2!3m1!1s0x0:0x515b32f638f69b71|[48.8492085, 2.2946553]
Oh My Burger|5|25 Rue Lavoisier, 75008 Paris, France|75008|https://www.google.com/maps/place//data=!4m2!3m1!1s0x0:0xd8a57247e66a3152|[48.8736961, 2.319878]
Palais des Thés|5|58 Rue du Commerce, 75015 Paris, France|75015|https://www.google.com/maps/place//data=!4m2!3m1!1s0x0:0x9344a952d5325dcb|[48.8460221, 2.2948927]
Vincent Pierre|5|13 Rue Eugène Gibez, 75015 Paris, France|75015|https://www.google.com/maps/place//data=!4m2!3m1!1s0x0:0xb0297bb138999aa1|[48.8355189, 2.2956267]
Clark Hot Dog|5|6 Rue du Roi de Sicile, 75004 Paris, France|75004|https://www.google.com/maps/place//data=!4m2!3m1!1s0x0:0xa6eaa484a9798514|[48.8557338, 2.3604431999999997]
Ó core mio|5|95 Rue de Saussure, 75017 Paris, France|75017|https://www.google.com/maps/place//data=!4m2!3m1!1s0x0:0x1fa64e215c079621|[48.8872275, 2.3119323]
Momzi - Elevated Donuts|5|1 Rue Cherubini, 75002 Paris, France|75002|https://www.google.com/maps/place//data=!4m2!3m1!1s0x0:0xaee3236af771f65e|[48.8676713, 2.3367318]
Rhinocéros Bar|5|35 Rue de Lourmel, 75015 Paris, France|75015|https://www.google.com/maps/place//data=!4m2!3m1!1s0x0:0xdcf3f474a065bf5d|[48.8481602, 2.2904196]
Mandoobar|5|7 Rue d'Édimbourg, 75008 Paris, France|75008|https://www.google.com/maps/place//data=!4m2!3m1!1s0x0:0x9fe19910c04337c6|[48.8793158, 2.3211478]
La Maison du Mochi|5|39 Rue du Cherche-Midi, 75006 Paris, France|75006|https://www.google.com/maps/place//data=!4m2!3m1!1s0x0:0x67d563c6411a8a70|[48.8493893, 2.3264004]
LÜKS Kebab Paris 13|4|6 Rue du Père Guérin, 75013 Paris, France|75013|https://www.google.com/maps/place//data=!4m2!3m1!1s0x0:0x5794376694c5d312|[48.8304986, 2.3543762]
Sister Midnight|5|4 Rue Viollet-le-Duc, 75009 Paris, France|75009|https://www.google.com/maps/place//data=!4m2!3m1!1s0x0:0xc9c020dc4cd8e86|[48.8814667, 2.3408227999999998]
Furius Baco|1|Av. Pere Molas, s/n, km 2, 43480, Tarragona, Espagne|s/n|https://www.google.com/maps/place//data=!4m2!3m1!1s0x0:0x7cdf0c6fffbc1b27|[41.0845309, 1.1564113]
Mondial Pare-Brise|5|7 ter Rue de Malaz, 74600 SEYNOD, France|74600|https://www.google.com/maps/place//data=!4m2!3m1!1s0x0:0x72eabc87513ca23c|[45.8829786, 6.0991358]
Flair Restaurant|5|84 Rue de la Charité, 69002 Lyon, France|69002|https://www.google.com/maps/place//data=!4m2!3m1!1s0x0:0x94091119abff481e|[45.749437, 4.8296803]
Ramen By Origine - Dijon République|5|2 Bd Georges Clemenceau, 21000 Dijon, France|21000|https://www.google.com/maps/place//data=!4m2!3m1!1s0x0:0x6c69f2a3de2154d4|[47.3268175, 5.0467219]
L'Archipel Cocktail Bar|5|15 Pl. Grangier, 21000 Dijon, France|21000|https://www.google.com/maps/place//data=!4m2!3m1!1s0x0:0xc69a49c0422effd1|[47.3232481, 5.0366329]
Château de Grignan|5|23 Rue Montant au Château, 26230 Grignan, France|26230|https://www.google.com/maps/place//data=!4m2!3m1!1s0x0:0x3dddef62740f24a9|[44.4189402, 4.9087676]
Bloc Session Montpellier - BS.7|5|ZAC du Fenouillet, 15A All. de la Bouvine, 34470 Pérols, France|15A|https://www.google.com/maps/place//data=!4m2!3m1!1s0x0:0xedd4e9f7183223fc|[43.5750836, 3.9383730999999997]
Barber Men Pérols|5|Avenue de la Mer, 34470 Pérols, France|34470|https://www.google.com/maps/place//data=!4m2!3m1!1s0x0:0x22691bae9b32258d|[43.5715585, 3.940559]
Ô Panda|4|200 Rue du Mas de Grille, 34430 Saint-Jean-de-Védas, France|34430|https://www.google.com/maps/place//data=!4m2!3m1!1s0x0:0x6bb18ead6e353cac|[43.572252, 3.8510169]
Sexshop à Lattes :Planet Charme|5|16 Av. de la Fontvin, 34970 Lattes, France|34970|https://www.google.com/maps/place//data=!4m2!3m1!1s0x0:0x3c4a2a08ced80450|[43.5763397, 3.9115168]
V and B Montélimar|4|122 Rte de Châteauneuf, 26200 Montélimar, France|26200|https://www.google.com/maps/place//data=!4m2!3m1!1s0x0:0x6657e99f6ca433b3|[44.5337315, 4.7379201]
L'Oxalis|5|Rue de la cantonnière, 26130 Saint-Paul-Trois-Châteaux, France|26130|https://www.google.com/maps/place//data=!4m2!3m1!1s0x0:0x6fb0fe7deb485115|[44.3486182, 4.7676567]
"Grand Slam Burger | Montpellier"|5|16 Rue Boussairolles, 34000 Montpellier, France|34000|https://www.google.com/maps/place//data=!4m2!3m1!1s0x0:0xc25b801811c17416|[43.6076908, 3.8812423]
V and B Montpellier Lattes|5|9 All. du Levant, 34970 Lattes, France|34970|https://www.google.com/maps/place//data=!4m2!3m1!1s0x0:0xaa066c28afaa12d3|[43.5837686, 3.9226023]
LE CHALET CHAMONIARD|5|Av. Marcel Pagnol, 34970 Lattes, France|34970|https://www.google.com/maps/place//data=!4m2!3m1!1s0x0:0x48d9e54ec92e255f|[43.5846148, 3.9338256]
La Fumerie|4|8 Rue de l'Aiguillerie, 34000 Montpellier, France|34000|https://www.google.com/maps/place//data=!4m2!3m1!1s0x0:0xa8f41e13f27ed302|[43.6103037, 3.8776013]
Lo Motàs|5|867 Allée des Goélands Résidence Port Grégau, 34280 La Grande-Motte, France|34280|https://www.google.com/maps/place//data=!4m2!3m1!1s0x0:0x58406309b9b223e6|[43.5682624, 4.1008961]
4 VIN 4|5|84 Rue Pertuiset, 74130 Bonneville, France|74130|https://www.google.com/maps/place//data=!4m2!3m1!1s0x0:0xe6bd671a792bc89a|[46.0774153, 6.410328]
Neko Nikkei Corner|4|14 Rue des Sœurs Noires, 34000 Montpellier, France|34000|https://www.google.com/maps/place//data=!4m2!3m1!1s0x0:0x6c7e59d2cbe5a43a|[43.6089963, 3.8749989]
Pisciculture du Verdus - Château Castillonne (Caviar)|5|Imp. de la Sablette, 34150 Saint-Guilhem-le-Désert, France|34150|https://www.google.com/maps/place//data=!4m2!3m1!1s0x0:0x59800ac25acd2ab5|[43.7329969, 3.5538698]
Abbaye de Gellone|5|Pl. de la Liberté, 34150 Saint-Guilhem-le-Désert, France|34150|https://www.google.com/maps/place//data=!4m2!3m1!1s0x0:0xbc98155cbd3e7950|[43.7338347, 3.549327]
L'oustal fonzes - Le Cabanon|5|1 Av. Saint-Benoît d'Aniane, 34150 Saint-Guilhem-le-Désert, France|34150|https://www.google.com/maps/place//data=!4m2!3m1!1s0x0:0x1050bd8af1b07a8|[43.7327046, 3.5539004]
Bonobo|5|46 Rue Saint-Guilhem, 34000 Montpellier, France|34000|https://www.google.com/maps/place//data=!4m2!3m1!1s0x0:0x3f7fd3d52ee99b68|[43.6090494, 3.8739895]
Peppino Pizzeria|5|13 Pl. du Marché, 26130 Saint-Paul-Trois-Châteaux, France|26130|https://www.google.com/maps/place//data=!4m2!3m1!1s0x0:0xd1e9bf7c88c49958|[44.348739, 4.7677458999999995]
Restaurant Le Caillou|5|Rte d'Eus, 66320 Marquixanes, France|66320|https://www.google.com/maps/place//data=!4m2!3m1!1s0x0:0xcc51e09a10f1d01f|[42.6433083, 2.4817876]
La Soleïade|5|32 Rte du Camp de César, 30200 Orsan, France|30200|https://www.google.com/maps/place//data=!4m2!3m1!1s0x0:0x43c6af656fca6bf3|[44.1311695, 4.6664395]
Comptoir Saint Paul|4|2 Rue Saint-Paul, 34000 Montpellier, France|34000|https://www.google.com/maps/place//data=!4m2!3m1!1s0x0:0x444525b79b07fd47|[43.6088889, 3.8755556]
CAFFE PANIS|4|3 Pl. du Marché aux Fleurs, 34000 Montpellier, France|34000|https://www.google.com/maps/place//data=!4m2!3m1!1s0x0:0xcbb67a741c5b6530|[43.6116561, 3.8774819]
Brasserie l Horizon|1|24 Rue Alsace Lorraine, 30240 Le Grau-du-Roi, France|30240|https://www.google.com/maps/place//data=!4m2!3m1!1s0x0:0x7320849d602d50b6|[43.5363059, 4.1370322999999996]
Young Min Grill|5|305 Av. Blaise Pascal, 34170 Castelnau-le-Lez, France|34170|https://www.google.com/maps/place//data=!4m2!3m1!1s0x0:0x5fc467d81fba37b3|[43.6423806, 3.9191376]
